primary_fuel,CO2e/kWh,Min.,Median,Max.,CO2e/KWh
Hydro,4.0,1.0,24.0,22000.0,4.0
Wind,11.0,7.5,11.5,45.5,11.0
Nuclear,12.0,3.0,12.0,110.0,12.0
Solar,41.0,17.333333333333332,38.666666666666664,101.0,41.0
Gas,610.0,410.0,490.0,650.0,610.0
Oil,840.0,,,,840.0
Coal,1214.5,740.0,820.0,910.0,1214.5
Biomass,,130.0,230.0,420.0,230.0
Geothermal,,6.0,38.0,79.0,38.0
